{"Dates":["17","February","2022"],"RELIANCE":"RELIANCE","Series":"EQ","PC":2412.95,"OP":2420.1,"HP":2454.9,"LP":2410.0,"Last Price":2441.0,"CP":2443.5,"AP":2439.61,"TTQ":5931774,"Turnover":14471212589.25,"No. of Trades":211881,"DQ":2872619,"% Dly Qt to Traded Qty":48.43}
{"Dates":["17","February","2022"],"RELIANCE":"Tata","Series":"EQ","PC":2412.95,"OP":2420.1,"HP":2454.9,"LP":2410.0,"Last Price":2441.0,"CP":2443.5,"AP":2439.61,"TTQ":5931774,"Turnover":14471212589.25,"No. of Trades":211881,"DQ":2872619,"% Dly Qt to Traded Qty":48.43}
{"Dates":["18","February","2022"],"RELIANCE":"RELIANCE","Series":"EQ","PC":2443.5,"OP":2444.4,"HP":2456.4,"LP":2420.15,"Last Price":2427.3,"CP":2424.4,"AP":2440.25,"TTQ":3126873,"Turnover":7630367399.75,"No. of Trades":158691,"DQ":1216161,"% Dly Qt to Traded Qty":38.89}
{"Dates":["21","February","2022"],"RELIANCE":"RELIANCE","Series":"EQ","PC":2424.4,"OP":2412.0,"HP":2437.5,"LP":2384.6,"Last Price":2399.6,"CP":2399.9,"AP":2409.12,"TTQ":5125968,"Turnover":12349078484.5499992371,"No. of Trades":226214,"DQ":2888548,"% Dly Qt to Traded Qty":56.35}
{"Dates":["22","February","2022"],"RELIANCE":"RELIANCE","Series":"EQ","PC":2399.9,"OP":2352.9,"HP":2395.9,"LP":2347.15,"Last Price":2389.75,"CP":2389.0,"AP":2372.16,"TTQ":6227901,"Turnover":14773584971.0,"No. of Trades":197401,"DQ":3920789,"% Dly Qt to Traded Qty":62.96}
{"Dates":["23","February","2022"],"RELIANCE":"RELIANCE","Series":"EQ","PC":2389.0,"OP":2401.1,"HP":2406.55,"LP":2368.0,"Last Price":2371.25,"CP":2374.05,"AP":2391.23,"TTQ":3373615,"Turnover":8067102258.4499998093,"No. of Trades":195350,"DQ":1928054,"% Dly Qt to Traded Qty":57.15}
{"Dates":["24","February","2022"],"RELIANCE":"RELIANCE","Series":"EQ","PC":2374.05,"OP":2305.0,"HP":2339.9,"LP":2243.4,"Last Price":2250.0,"CP":2255.75,"AP":2291.15,"TTQ":11466725,"Turnover":26272008237.5499992371,"No. of Trades":493459,"DQ":7266877,"% Dly Qt to Traded Qty":63.37}
{"Dates":["25","February","2022"],"RELIANCE":"RELIANCE","Series":"EQ","PC":2255.75,"OP":2280.1,"HP":2307.95,"LP":2276.25,"Last Price":2283.0,"CP":2283.95,"AP":2290.84,"TTQ":6724094,"Turnover":15403844188.6499996185,"No. of Trades":281047,"DQ":3670287,"% Dly Qt to Traded Qty":54.58}
{"Dates":["28","February","2022"],"RELIANCE":"RELIANCE","Series":"EQ","PC":2283.95,"OP":2243.0,"HP":2367.35,"LP":2243.0,"Last Price":2355.0,"CP":2359.55,"AP":2328.64,"TTQ":9828768,"Turnover":22887683561.4000015259,"No. of Trades":240020,"DQ":5321030,"% Dly Qt to Traded Qty":54.14}
{"Dates":["02","March","2022"],"RELIANCE":"RELIANCE","Series":"EQ","PC":2359.55,"OP":2334.45,"HP":2401.0,"LP":2329.2,"Last Price":2399.25,"CP":2398.55,"AP":2376.69,"TTQ":9909226,"Turnover":23551157613.6500015259,"No. of Trades":309328,"DQ":6277829,"% Dly Qt to Traded Qty":63.35}
{"Dates":["03","March","2022"],"RELIANCE":"RELIANCE","Series":"EQ","PC":2398.55,"OP":2400.0,"HP":2414.85,"LP":2370.05,"Last Price":2382.0,"CP":2378.3,"AP":2392.27,"TTQ":4701183,"Turnover":11246476348.75,"No. of Trades":230143,"DQ":2479449,"% Dly Qt to Traded Qty":52.74}
{"Dates":["04","March","2022"],"RELIANCE":"RELIANCE","Series":"EQ","PC":2378.3,"OP":2353.0,"HP":2364.3,"LP":2320.35,"Last Price":2327.95,"CP":2325.55,"AP":2338.2,"TTQ":4986814,"Turnover":11660149352.9500007629,"No. of Trades":219860,"DQ":2754095,"% Dly Qt to Traded Qty":55.23}
{"Dates":["07","March","2022"],"RELIANCE":"RELIANCE","Series":"EQ","PC":2325.55,"OP":2278.7,"HP":2312.1,"LP":2222.0,"Last Price":2240.05,"CP":2239.55,"AP":2256.84,"TTQ":8299295,"Turnover":18730168161.1500015259,"No. of Trades":372828,"DQ":4962748,"% Dly Qt to Traded Qty":59.8}
{"Dates":["08","March","2022"],"RELIANCE":"RELIANCE","Series":"EQ","PC":2239.55,"OP":2211.5,"HP":2246.0,"LP":2180.0,"Last Price":2235.05,"CP":2235.5,"AP":2220.15,"TTQ":9825043,"Turnover":21813021864.7000007629,"No. of Trades":428117,"DQ":5602260,"% Dly Qt to Traded Qty":57.02}
{"Dates":["09","March","2022"],"RELIANCE":"RELIANCE","Series":"EQ","PC":2235.5,"OP":2236.0,"HP":2367.0,"LP":2234.15,"Last Price":2358.3,"CP":2354.1,"AP":2316.35,"TTQ":9421163,"Turnover":21822706477.9000015259,"No. of Trades":325395,"DQ":4647153,"% Dly Qt to Traded Qty":49.33}
{"Dates":["10","March","2022"],"RELIANCE":"RELIANCE","Series":"EQ","PC":2354.1,"OP":2400.0,"HP":2405.0,"LP":2360.0,"Last Price":2387.0,"CP":2392.25,"AP":2386.79,"TTQ":8297995,"Turnover":19805599252.7000007629,"No. of Trades":278083,"DQ":4102149,"% Dly Qt to Traded Qty":49.44}
{"Dates":["11","March","2022"],"RELIANCE":"RELIANCE","Series":"EQ","PC":2392.25,"OP":2376.05,"HP":2411.0,"LP":2376.05,"Last Price":2393.15,"CP":2399.15,"AP":2396.11,"TTQ":5656799,"Turnover":13554290818.7000007629,"No. of Trades":199494,"DQ":3028604,"% Dly Qt to Traded Qty":53.54}
{"Dates":["14","March","2022"],"RELIANCE":"RELIANCE","Series":"EQ","PC":2399.15,"OP":2386.9,"HP":2424.4,"LP":2374.0,"Last Price":2422.2,"CP":2418.85,"AP":2401.52,"TTQ":3849222,"Turnover":9243998854.25,"No. of Trades":160500,"DQ":1800381,"% Dly Qt to Traded Qty":46.77}
{"Dates":["15","March","2022"],"RELIANCE":"RELIANCE","Series":"EQ","PC":2418.85,"OP":2427.95,"HP":2427.95,"LP":2340.85,"Last Price":2362.0,"CP":2363.45,"AP":2386.09,"TTQ":7349740,"Turnover":17537136611.9500007629,"No. of Trades":257511,"DQ":3924279,"% Dly Qt to Traded Qty":53.39}
{"Dates":["16","March","2022"],"RELIANCE":"RELIANCE","Series":"EQ","PC":2363.45,"OP":2382.0,"HP":2407.9,"LP":2377.1,"Last Price":2401.5,"CP":2403.35,"AP":2396.17,"TTQ":5145644,"Turnover":12329854279.2999992371,"No. of Trades":185464,"DQ":2824434,"% Dly Qt to Traded Qty":54.89}
{"Dates":["17","March","2022"],"RELIANCE":"RELIANCE","Series":"EQ","PC":2403.35,"OP":2432.75,"HP":2497.4,"LP":2415.1,"Last Price":2487.5,"CP":2481.7,"AP":2456.66,"TTQ":9886295,"Turnover":24287296550.4000015259,"No. of Trades":274442,"DQ":5961590,"% Dly Qt to Traded Qty":60.3}
